INSERT INTO sd.album (author_name, album_name, genre) VALUES
('Kanye West', 'My Beautiful Dark Twisted Fantasy', 'Hip Hop'),
('Ocean Frank', 'Blonde', 'R&B'),
('Michael Jackson', 'Thriller', 'Pop'),
('Meat Loaf', 'Bat Out of Hell', 'Rock'),
('AC/DC', 'Back in Black', 'Rock'),
('Pink Floyd', 'The Dark Side of the Moon', 'Rock'),
('Eagles', 'Their Greatest Hits', 'Rock'),
('Fleetwood Mac', 'Rumours', 'Blues'),
('Led Zeppelin', 'Led Zeppelin IV', 'Rock'),
('The Beatles', 'Abbey Road', 'Rock'),
('Pink Floyd', 'The Wall', 'Rock'),
('Arctic Monkeys', 'The Car', 'Rock');

INSERT INTO sd.label (label_name, country) VALUES
('Roc-A-Fella Records', 'US'),
('Boys Don''t Cry', 'US'),
('Epic Records', 'US'),
('Cleveland International', 'US'),
('Atlantic', 'Germany'),
('Pink Floyd Records', 'Europe'),
('Asylum Records', 'US'),
('Warner Bros. Records', 'US'),
('Atlantic', 'Italy'),
('Apple Records', 'US'),
('Harvest', 'UK'),
('Domino', 'UK');

INSERT INTO sd.product (album_id, label_id, release_date, price) VALUES
(1, 1, 2010, 20),
(2, 2, 2016, 35),
(3, 3, 1984, 20),
(4, 4, 1977, 10),
(5, 5, 1980, 20),
(6, 6, 2016, 26),
(7, 7, 1976, 9),
(8, 8, 1977, 21),
(9, 9, 1978, 34),
(10, 10, 1969, 30),
(11, 11, 1979, 46),
(12, 12, 2022, 25);

INSERT INTO sd.customer (first_name, last_name, birthday, phone_number, card_id) VALUES
('Steliana', 'Cooper', '1997-05-04', '+1 505-644-8139', 08203839),
('Agnes', 'Burns', '1987-08-07', '+1 620-434-5027', 58295955),
('Victoria', 'Fyodorova', '1986-05-20', '+1 309-998-4217', 47930747),
('Manley', 'Rogers', '1996-02-04', '+1 303-415-4628', 35168074),
('Gordon', 'Seaver', '2003-12-28', '+1 413-855-1579', 33122336),
('Willard', 'Lagounov', '1993-11-29', '+1 505-646-8448', 79079997),
('Angus', 'Fedorov', '2003-02-24', '+1 385-636-3354', 85473581),
('Rodney', 'Russell', '2004-02-10', '+1 303-415-4628', 58314828),
('Brett', 'Bloodworth', '1986-04-25', '+1 425-999-0355', 30082680),
('Evaline', 'Vasilescu', '1991-09-2', '+1 209-568-8413', 68926266),
('Ellen', 'Payne', '2003-04-09', '+1 505-646-6466', 28730005),
('Liviu', 'Arterbury', '2000-03-16', '+1 417-896-2142', 03177469);

INSERT INTO sd.card_hist (card_id, balance, from_td, to_td) VALUES
(08203839, 3, '2023-05-01 00:00:01', NULL),
(58295955, 5, '2023-05-01 00:00:01', NULL),
(47930747, 5, '2023-05-01 00:00:01', NULL),
(35168074, 7, '2023-05-01 00:00:01', NULL),
(33122336, 1, '2023-05-01 00:00:01', NULL),
(79079997, 0, '2023-05-01 00:00:01', NULL),
(85473581, 0, '2023-05-01 00:00:01', NULL),
(58314828, 0, '2023-05-01 00:00:01', NULL),
(30082680, 0, '2023-05-01 00:00:01', NULL),
(68926266, 0, '2023-05-01 00:00:01', NULL),
(28730005, 0, '2023-05-01 00:00:01', NULL),
(03177469, 0, '2023-05-01 00:00:01', NULL);

INSERT INTO sd.stock (product_id, product_count, from_td, to_td) VALUES
(1, 25, '2023-05-01 00:00:01', '2023-05-01 00:00:03'),
(2, 10, '2023-05-01 00:00:01', '2023-06-01 15:00:12'),
(3, 11, '2023-05-01 00:00:01', '2023-06-02 00:02:01'),
(4, 2, '2023-05-01 00:00:01', '2023-05-09 17:00:01'),
(5, 17, '2023-05-01 00:00:01', '2023-05-02 23:00:34'),
(6, 6, '2023-05-01 00:00:01', '2023-06-02 12:34:58'),
(7, 1, '2023-05-01 00:00:01', NULL),
(8, 11, '2023-05-01 00:00:01', '2023-05-15 00:01:01'),
(9, 9, '2023-05-01 00:00:01', '2023-06-11 00:12:25'),
(10, 20, '2023-05-01 00:00:01','2023-05-12 20:02:51'),
(11, 3, '2023-05-01 00:00:01', NULL),
(12, 30, '2023-05-01 00:00:01', '2023-05-12 20:02:51'),
(1, 23, '2023-05-01 00:00:03', NULL),
(5, 15, '2023-05-02 23:00:34', NULL),
(4, 2, '2023-05-09 17:00:01', NULL),
(10, 19, '2023-05-12 20:02:51', NULL),
(12, 29, '2023-05-12 20:02:51', '2023-05-29 11:25:01'),
(8, 8, '2023-05-15 00:01:01', NULL),
(12, 28, '2023-05-29 11:25:01', NULL),
(2, 7, '2023-06-01 15:00:12', NULL),
(6, 5, '2023-06-02 12:34:58', NULL),
(3, 10, '2023-06-02 00:02:01', NULL),
(9, 7, '2023-06-11 00:12:25', NULL);

INSERT INTO sd.purchase (customer_id, product_id, product_count, purchase_amount, purchase_date) VALUES
(9, 1, 2, 40, '2023-05-01 00:00:03'),
(8, 5, 2, 40, '2023-05-02 23:00:34'),
(6, 4, 1, 10, '2023-05-09 17:00:01'),
(1, 10, 1, 30, '2023-05-12 20:02:51'),
(1, 12, 1, 25, '2023-05-12 20:02:51'),
(2, 8, 3, 63, '2023-05-15 00:01:01'),
(10, 12, 1, 25, '2023-05-29 11:25:01'),
(7, 2, 3, 105, '2023-06-01 15:00:12'),
(5, 6, 1, 26, '2023-06-02 12:34:58'),
(4, 3, 1, 20, '2023-06-02 00:02:01'),
(3, 9, 2, 68, '2023-06-11 00:12:25');
